,KTB_3Y_bp,KTB_10Y_bp,slope_10y_3y_bp
2020-01-02,132.29999999999998,162.5,30.200000000000017
2020-01-03,127.1,156.0,28.900000000000006
2020-01-06,128.0,155.7,27.69999999999999
2020-01-07,133.5,163.3,29.80000000000001
2020-01-08,136.6,163.5,26.900000000000006
2020-01-09,141.5,168.5,27.0
2020-01-10,141.8,170.9,29.099999999999994
2020-01-13,140.6,173.2,32.599999999999994
2020-01-14,138.70000000000002,171.50000000000003,32.80000000000001
2020-01-15,139.1,169.6,30.5
2020-01-16,142.5,170.5,28.0
2020-01-17,142.2,174.0,31.80000000000001
2020-01-20,145.2,175.6,30.400000000000006
2020-01-21,139.99999999999997,169.20000000000002,29.200000000000045
2020-01-22,143.5,173.0,29.5
2020-01-23,142.4,170.0,27.599999999999994
2020-01-28,134.7,160.1,25.400000000000006
2020-01-29,132.20000000000002,157.5,25.299999999999983
2020-01-30,130.20000000000002,155.7,25.49999999999997
2020-01-31,131.2,156.2,25.0
2020-02-03,129.0,155.5,26.5
2020-02-04,133.5,163.2,29.69999999999999
2020-02-05,131.2,160.2,29.0
2020-02-06,130.20000000000002,161.5,31.299999999999983
2020-02-07,127.69999999999999,160.2,32.5
2020-02-10,129.5,160.49999999999997,30.99999999999997
2020-02-11,129.20000000000002,159.7,30.49999999999997
2020-02-12,129.20000000000002,161.5,32.29999999999998
2020-02-13,127.2,160.49999999999997,33.29999999999997
2020-02-14,133.0,165.70000000000002,32.70000000000002
2020-02-17,131.0,161.5,30.5
2020-02-18,127.0,155.5,28.5
2020-02-19,128.0,155.5,27.5
2020-02-20,124.50000000000001,153.0,28.499999999999986
2020-02-21,118.7,144.7,25.999999999999986
2020-02-24,114.5,142.0,27.5
2020-02-25,118.0,144.0,26.0
2020-02-26,113.50000000000001,140.5,26.999999999999986
2020-02-27,119.2,144.5,25.299999999999997
2020-02-28,110.00000000000001,132.7,22.699999999999974
2020-03-02,112.5,137.5,25.0
2020-03-03,111.9,138.0,26.099999999999994
2020-03-04,103.60000000000001,129.8,26.200000000000003
2020-03-05,105.0,134.8,29.80000000000001
2020-03-06,107.2,137.0,29.799999999999997
2020-03-09,102.2,126.0,23.799999999999997
2020-03-10,108.5,136.0,27.5
2020-03-11,107.49999999999999,136.5,29.000000000000014
2020-03-12,105.0,137.5,32.5
2020-03-13,115.19999999999999,161.9,46.70000000000002
2020-03-16,106.0,151.8,45.80000000000001
2020-03-17,101.5,142.7,41.19999999999999
2020-03-18,105.49999999999999,151.0,45.500000000000014
2020-03-19,119.8,167.0,47.2
2020-03-20,112.5,162.99999999999997,50.49999999999997
2020-03-23,116.5,173.7,57.19999999999999
2020-03-24,113.50000000000001,172.2,58.699999999999974
2020-03-25,110.2,162.00000000000003,51.800000000000026
2020-03-26,107.2,150.5,43.3
2020-03-27,106.69999999999999,153.7,47.0
2020-03-30,110.49999999999999,156.7,46.2
2020-03-31,107.00000000000001,155.20000000000002,48.2
2020-04-01,109.0,155.5,46.5
2020-04-02,105.69999999999999,152.0,46.30000000000001
2020-04-03,106.5,155.0,48.5
2020-04-06,106.0,155.1,49.099999999999994
2020-04-07,104.7,158.00000000000003,53.300000000000026
2020-04-08,101.5,151.4,49.900000000000006
2020-04-09,99.2,144.4,45.2
2020-04-10,97.0,145.5,48.5
2020-04-13,99.7,147.5,47.8
2020-04-14,100.0,146.2,46.19999999999999
2020-04-16,98.99999999999999,142.0,43.000000000000014
2020-04-17,101.0,144.9,43.900000000000006
2020-04-20,101.5,144.2,42.69999999999999
2020-04-21,103.5,145.5,42.0
2020-04-22,104.2,154.0,49.8
2020-04-23,102.7,154.8,52.10000000000001
2020-04-24,100.69999999999999,153.5,52.80000000000001
2020-04-27,102.6,158.00000000000003,55.400000000000034
2020-04-28,103.0,155.20000000000002,52.20000000000002
2020-04-29,101.0,151.7,50.69999999999999
2020-05-04,97.19999999999999,149.6,52.400000000000006
2020-05-06,95.7,151.49999999999997,55.79999999999997
2020-05-07,93.5,147.0,53.5
2020-05-08,91.0,142.5,51.5
2020-05-11,93.00000000000001,147.0,53.999999999999986
2020-05-12,88.5,143.0,54.5
2020-05-13,86.0,139.2,53.19999999999999
2020-05-14,86.7,138.0,51.3
2020-05-15,87.0,137.7,50.69999999999999
2020-05-18,88.5,139.5,51.0
2020-05-19,87.50000000000001,139.2,51.699999999999974
2020-05-20,86.7,136.0,49.3
2020-05-21,86.0,134.1,48.099999999999994
2020-05-22,83.19999999999999,134.0,50.80000000000001
2020-05-25,81.2,131.2,49.999999999999986
2020-05-26,84.2,133.7,49.499999999999986
2020-05-27,85.0,133.1,48.099999999999994
2020-05-28,81.7,135.00000000000003,53.300000000000026
2020-05-29,80.9,136.5,55.599999999999994
2020-06-01,83.5,140.2,56.69999999999999
2020-06-02,83.0,135.70000000000002,52.70000000000002
2020-06-03,86.5,141.70000000000002,55.20000000000002
2020-06-04,88.5,142.7,54.19999999999999
2020-06-05,89.7,146.0,56.3
2020-06-08,89.7,144.7,54.999999999999986
2020-06-09,85.0,138.2,53.19999999999999
2020-06-10,83.69999999999999,138.5,54.80000000000001
2020-06-11,83.69999999999999,138.2,54.5
2020-06-12,84.1,138.0,53.900000000000006
2020-06-15,86.7,142.2,55.499999999999986
2020-06-16,85.69999999999999,140.79999999999998,55.099999999999994
2020-06-17,87.50000000000001,139.79999999999998,52.29999999999997
2020-06-18,82.89999999999999,137.5,54.60000000000001
2020-06-19,84.7,139.0,54.3
2020-06-22,84.7,139.0,54.3
2020-06-23,82.2,137.5,55.3
2020-06-24,81.99999999999999,136.2,54.2
2020-06-25,81.49999999999999,133.7,52.2
2020-06-26,81.2,132.5,51.3
2020-06-29,83.69999999999999,135.70000000000002,52.00000000000003
2020-06-30,84.49999999999999,138.5,54.000000000000014
2020-07-01,84.49999999999999,139.99999999999997,55.499999999999986
2020-07-02,82.69999999999999,137.5,54.80000000000001
2020-07-03,83.5,138.2,54.69999999999999
2020-07-06,85.5,141.0,55.5
2020-07-07,84.0,138.70000000000002,54.70000000000002
2020-07-08,83.69999999999999,137.5,53.80000000000001
2020-07-09,84.0,139.7,55.69999999999999
2020-07-10,84.60000000000001,139.7,55.09999999999998
2020-07-13,86.0,142.29999999999998,56.29999999999998
2020-07-14,85.2,141.2,55.999999999999986
2020-07-15,84.49999999999999,141.2,56.7
2020-07-16,82.5,137.0,54.5
2020-07-17,81.2,135.00000000000003,53.800000000000026
2020-07-20,80.20000000000002,133.2,52.99999999999997
2020-07-21,81.7,135.20000000000002,53.500000000000014
2020-07-22,80.4,134.20000000000002,53.80000000000001
2020-07-23,80.0,132.20000000000002,52.20000000000002
2020-07-24,80.0,130.20000000000002,50.20000000000002
2020-07-27,80.0,129.20000000000002,49.20000000000002
2020-07-28,81.3,132.5,51.2
2020-07-29,81.2,130.5,49.3
2020-07-30,79.7,127.49999999999999,47.79999999999998
2020-07-31,79.2,129.5,50.3
2020-08-03,79.5,130.20000000000002,50.70000000000002
2020-08-04,80.0,130.5,50.5
2020-08-05,79.7,129.20000000000002,49.500000000000014
2020-08-06,80.5,130.5,50.0
2020-08-07,81.00000000000001,132.7,51.699999999999974
2020-08-10,82.69999999999999,136.2,53.5
2020-08-11,81.99999999999999,134.5,52.500000000000014
2020-08-12,82.69999999999999,138.0,55.30000000000001
2020-08-13,81.2,135.70000000000002,54.500000000000014
2020-08-14,82.69999999999999,139.99999999999997,57.29999999999998
2020-08-18,81.00000000000001,135.20000000000002,54.2
2020-08-19,80.7,135.20000000000002,54.500000000000014
2020-08-20,81.49999999999999,138.0,56.500000000000014
2020-08-21,85.5,141.0,55.5
2020-08-24,82.5,138.2,55.69999999999999
2020-08-25,82.5,138.70000000000002,56.20000000000002
2020-08-26,83.5,140.5,57.0
2020-08-27,85.5,142.29999999999998,56.79999999999998
2020-08-28,89.2,148.5,59.3
2020-08-31,94.69999999999999,152.7,58.0
2020-09-01,96.49999999999999,157.00000000000003,60.50000000000004
2020-09-02,91.70000000000002,153.7,61.99999999999997
2020-09-03,92.2,153.0,60.8
2020-09-04,93.99999999999999,154.0,60.000000000000014
2020-09-07,97.5,157.7,60.19999999999999
2020-09-08,94.19999999999999,155.0,60.80000000000001
2020-09-09,91.0,151.7,60.69999999999999
2020-09-10,91.2,152.20000000000002,61.000000000000014
2020-09-11,93.00000000000001,153.2,60.199999999999974
2020-09-14,91.70000000000002,151.2,59.49999999999997
2020-09-15,90.50000000000001,150.0,59.499999999999986
2020-09-16,91.4,148.2,56.79999999999998
2020-09-17,91.0,150.0,59.0
2020-09-18,90.50000000000001,150.5,59.999999999999986
2020-09-21,90.50000000000001,149.50000000000003,59.000000000000014
2020-09-22,89.7,146.70000000000002,57.000000000000014
2020-09-23,88.5,145.0,56.5
2020-09-24,85.2,142.7,57.499999999999986
2020-09-25,85.0,142.7,57.69999999999999
2020-09-28,84.0,142.7,58.69999999999999
2020-09-29,84.2,142.7,58.499999999999986
2020-10-05,87.7,148.0,60.3
2020-10-06,90.2,153.5,63.3
2020-10-07,90.7,153.3,62.60000000000001
2020-10-08,90.2,154.1,63.89999999999999
2020-10-12,92.4,155.7,63.29999999999998
2020-10-13,92.0,152.0,60.0
2020-10-14,89.7,151.2,61.499999999999986
2020-10-15,87.0,147.20000000000002,60.20000000000002
2020-10-16,89.0,150.0,61.0
2020-10-19,89.2,144.0,54.8
2020-10-20,91.2,146.50000000000003,55.300000000000026
2020-10-21,93.00000000000001,152.0,58.999999999999986
2020-10-22,92.0,150.5,58.5
2020-10-23,91.0,149.50000000000003,58.50000000000003
2020-10-26,90.7,148.5,57.8
2020-10-27,91.5,150.7,59.19999999999999
2020-10-28,91.0,149.70000000000002,58.70000000000002
2020-10-29,92.2,152.0,59.8
2020-10-30,93.5,155.20000000000002,61.70000000000002
2020-11-02,96.89999999999999,160.49999999999997,63.59999999999998
2020-11-03,97.69999999999999,160.49999999999997,62.79999999999998
2020-11-04,95.0,156.5,61.5
2020-11-05,92.2,152.5,60.3
2020-11-06,94.69999999999999,156.5,61.80000000000001
2020-11-09,95.5,156.5,61.0
2020-11-10,98.2,162.99999999999997,64.79999999999997
2020-11-11,98.7,167.0,68.3
2020-11-12,96.7,164.6,67.89999999999999
2020-11-13,95.99999999999999,162.7,66.7
2020-11-16,96.7,162.00000000000003,65.30000000000003
2020-11-17,95.99999999999999,162.20000000000002,66.20000000000003
2020-11-18,94.5,160.40000000000003,65.90000000000003
2020-11-19,95.7,161.70000000000002,66.00000000000001
2020-11-20,96.7,161.20000000000002,64.50000000000001
2020-11-23,95.5,158.20000000000002,62.70000000000002
2020-11-24,95.99999999999999,159.5,63.500000000000014
2020-11-25,97.19999999999999,163.5,66.30000000000001
2020-11-26,98.5,165.70000000000002,67.20000000000002
2020-11-27,97.69999999999999,163.99999999999997,66.29999999999998
2020-11-30,98.0,166.2,68.19999999999999
2020-12-01,97.69999999999999,164.5,66.80000000000001
2020-12-02,98.2,167.5,69.3
2020-12-03,96.49999999999999,165.70000000000002,69.20000000000003
2020-12-04,97.0,166.39999999999998,69.39999999999998
2020-12-07,95.99999999999999,164.20000000000002,68.20000000000003
2020-12-08,95.99999999999999,164.20000000000002,68.20000000000003
2020-12-09,95.7,165.2,69.49999999999999
2020-12-10,97.19999999999999,165.2,68.0
2020-12-11,97.69999999999999,165.70000000000002,68.00000000000003
2020-12-14,98.5,167.0,68.5
2020-12-15,98.2,167.2,68.99999999999999
2020-12-16,98.99999999999999,169.7,70.7
2020-12-17,99.5,173.10000000000002,73.60000000000002
2020-12-18,96.49999999999999,170.70000000000002,74.20000000000003
2020-12-21,95.99999999999999,167.7,71.7
2020-12-22,94.19999999999999,165.5,71.30000000000001
2020-12-23,92.7,163.7,70.99999999999999
2020-12-24,95.19999999999999,169.20000000000002,74.00000000000003
2020-12-28,95.7,167.7,71.99999999999999
2020-12-29,98.0,169.7,71.69999999999999
2020-12-30,97.0,172.2,75.19999999999999
2021-01-04,95.5,173.2,77.69999999999999
2021-01-05,93.7,169.5,75.8
2021-01-06,95.99999999999999,173.2,77.2
2021-01-07,97.0,172.0,75.0
2021-01-08,97.69999999999999,172.0,74.30000000000001
2021-01-11,96.49999999999999,168.5,72.00000000000001
2021-01-12,97.69999999999999,171.70000000000002,74.00000000000003
2021-01-13,97.5,171.70000000000002,74.20000000000002
2021-01-14,98.7,173.2,74.49999999999999
2021-01-15,97.0,173.0,76.0
2021-01-18,96.7,171.0,74.3
2021-01-19,97.69999999999999,171.0,73.30000000000001
2021-01-20,97.5,170.20000000000002,72.70000000000002
2021-01-21,97.0,170.20000000000002,73.20000000000002
2021-01-22,98.99999999999999,175.5,76.50000000000001
2021-01-25,100.49999999999999,177.7,77.2
2021-01-26,100.19999999999999,176.7,76.5
2021-01-27,98.7,176.2,77.49999999999999
2021-01-28,97.69999999999999,176.5,78.80000000000001
2021-01-29,97.19999999999999,176.5,79.30000000000001
2021-02-01,98.7,179.20000000000002,80.50000000000001
2021-02-02,98.0,176.5,78.5
2021-02-03,97.69999999999999,176.7,79.0
2021-02-04,98.0,179.0,81.0
2021-02-05,98.2,178.2,79.99999999999999
2021-02-08,99.5,182.7,83.19999999999999
2021-02-09,98.99999999999999,182.0,83.00000000000001
2021-02-10,99.2,183.0,83.8
2021-02-15,99.39999999999999,186.5,87.10000000000001
2021-02-16,98.0,184.5,86.5
2021-02-17,98.2,186.20000000000002,88.00000000000001
2021-02-18,98.5,185.5,87.0
2021-02-19,99.5,187.7,88.19999999999999
2021-02-22,102.00000000000001,192.99999999999997,90.99999999999996
2021-02-23,101.5,189.2,87.69999999999999
2021-02-24,100.19999999999999,185.3,85.10000000000002
2021-02-25,99.6,189.29999999999998,89.69999999999999
2021-02-26,102.00000000000001,197.0,94.99999999999999
2021-03-02,102.2,197.0,94.8
2021-03-03,101.69999999999999,195.0,93.30000000000001
2021-03-04,103.5,196.7,93.19999999999999
2021-03-05,106.69999999999999,199.50000000000003,92.80000000000004
2021-03-08,115.0,203.10000000000002,88.10000000000002
2021-03-09,121.99999999999999,203.5,81.50000000000001
2021-03-10,117.5,203.5,86.0
2021-03-11,117.5,202.2,84.69999999999999
2021-03-12,123.0,210.5,87.5
2021-03-15,121.99999999999999,215.20000000000002,93.20000000000003
2021-03-16,117.5,209.7,92.19999999999999
2021-03-17,117.7,213.79999999999998,96.09999999999998
2021-03-18,113.7,216.20000000000002,102.50000000000001
2021-03-19,114.2,211.50000000000003,97.30000000000003
2021-03-22,112.99999999999999,204.99999999999997,91.99999999999999
2021-03-23,114.70000000000002,203.7,88.99999999999997
2021-03-24,112.00000000000001,197.99999999999997,85.99999999999996
2021-03-25,109.5,196.5,87.0
2021-03-26,112.5,200.99999999999997,88.49999999999997
2021-03-29,111.5,196.7,85.19999999999999
2021-03-30,115.1,207.7,92.6
2021-03-31,112.7,205.7,92.99999999999999
2021-04-01,113.50000000000001,202.0,88.49999999999999
2021-04-02,114.70000000000002,205.2,90.49999999999997
2021-04-05,120.19999999999999,210.0,89.80000000000001
2021-04-06,118.50000000000001,207.7,89.19999999999997
2021-04-07,117.7,206.0,88.3
2021-04-08,115.99999999999999,202.2,86.2
2021-04-09,116.7,202.5,85.8
2021-04-12,113.50000000000001,199.70000000000002,86.2
2021-04-13,113.19999999999999,202.5,89.30000000000001
2021-04-14,110.00000000000001,199.2,89.19999999999997
2021-04-15,113.99999999999999,201.5,87.50000000000001
2021-04-16,114.70000000000002,202.2,87.49999999999997
2021-04-19,112.99999999999999,197.99999999999997,84.99999999999999
2021-04-20,112.99999999999999,200.59999999999997,87.59999999999998
2021-04-21,111.0,200.49999999999997,89.49999999999997
2021-04-22,111.20000000000002,200.49999999999997,89.29999999999995
2021-04-23,111.69999999999999,204.5,92.80000000000001
2021-04-26,111.20000000000002,207.7,96.49999999999997
2021-04-27,109.5,207.0,97.5
2021-04-28,111.0,207.7,96.69999999999999
2021-04-29,112.2,210.19999999999996,97.99999999999996
2021-04-30,113.7,213.0,99.3
2021-05-03,114.79999999999998,211.50000000000003,96.70000000000005
2021-05-04,115.7,213.0,97.3
2021-05-06,113.50000000000001,209.50000000000003,96.00000000000001
2021-05-07,113.19999999999999,212.0,98.80000000000001
2021-05-10,113.50000000000001,214.00000000000003,100.50000000000001
2021-05-11,111.69999999999999,214.00000000000003,102.30000000000004
2021-05-12,111.69999999999999,212.2,100.5
2021-05-13,112.1,215.5,103.4
2021-05-14,111.20000000000002,215.5,104.29999999999998
2021-05-17,110.2,211.70000000000002,101.50000000000001
2021-05-18,109.5,212.0,102.5
2021-05-20,110.2,213.49999999999997,103.29999999999997
2021-05-21,109.2,211.70000000000002,102.50000000000001
2021-05-24,111.5,211.70000000000002,100.20000000000002
2021-05-25,114.2,213.0,98.8
2021-05-26,116.5,213.20000000000002,96.70000000000002
2021-05-27,111.5,209.7,98.19999999999999
2021-05-28,116.19999999999999,213.7,97.5
2021-05-31,122.70000000000002,218.0,95.29999999999998
2021-06-01,121.19999999999999,219.0,97.80000000000001
2021-06-02,120.0,219.49999999999997,99.49999999999997
2021-06-03,119.2,219.49999999999997,100.29999999999997
2021-06-04,121.50000000000001,216.7,95.19999999999997
2021-06-07,119.70000000000002,215.5,95.79999999999998
2021-06-08,116.5,211.2,94.69999999999999
2021-06-09,113.50000000000001,210.0,96.49999999999999
2021-06-10,127.39999999999999,208.99999999999997,81.59999999999998
2021-06-11,124.2,208.0,83.8
2021-06-14,128.0,209.3,81.30000000000001
2021-06-15,131.0,208.2,77.19999999999999
2021-06-16,128.49999999999997,206.70000000000002,78.20000000000005
2021-06-17,133.0,208.0,75.0
2021-06-18,131.2,203.5,72.30000000000001
2021-06-21,135.5,200.70000000000002,65.20000000000002
2021-06-22,133.0,204.6,71.6
2021-06-23,133.5,204.99999999999997,71.49999999999997
2021-06-24,138.5,207.5,69.0
2021-06-25,144.4,210.19999999999996,65.79999999999995
2021-06-28,147.7,214.2,66.5
2021-06-29,146.0,210.0,64.0
2021-06-30,145.2,209.50000000000003,64.30000000000004
2021-07-01,147.5,210.0,62.5
2021-07-02,148.5,210.5,62.0
2021-07-05,145.70000000000002,208.5,62.79999999999998
2021-07-06,146.0,211.50000000000003,65.50000000000003
2021-07-07,141.2,203.7,62.5
2021-07-08,135.5,199.2,63.69999999999999
2021-07-09,137.0,203.5,66.5
2021-07-12,138.70000000000002,202.2,63.49999999999997
2021-07-13,142.2,203.0,60.80000000000001
2021-07-14,138.70000000000002,200.19999999999996,61.49999999999994
2021-07-15,148.5,200.49999999999997,51.99999999999997
2021-07-16,146.6,201.70000000000002,55.10000000000002
2021-07-19,145.5,197.7,52.19999999999999
2021-07-20,142.0,190.2,48.19999999999999
2021-07-21,138.0,188.5,50.5
2021-07-22,139.0,191.0,52.0
2021-07-23,138.70000000000002,188.2,49.49999999999997
2021-07-26,136.2,185.00000000000003,48.80000000000004
2021-07-27,138.0,187.5,49.5
2021-07-28,141.70000000000002,185.1,43.39999999999998
2021-07-29,143.5,189.2,45.69999999999999
2021-07-30,141.5,186.7,45.19999999999999
2021-08-02,143.9,191.0,47.099999999999994
2021-08-03,144.5,189.50000000000003,45.00000000000003
2021-08-04,141.5,186.20000000000002,44.70000000000002
2021-08-05,141.0,187.20000000000002,46.20000000000002
2021-08-06,143.5,189.50000000000003,46.00000000000003
2021-08-09,143.0,191.5,48.5
2021-08-10,142.7,191.2,48.5
2021-08-11,141.5,193.5,52.0
2021-08-12,141.0,192.5,51.5
2021-08-13,140.2,191.99999999999997,51.79999999999998
2021-08-17,139.7,187.0,47.30000000000001
2021-08-18,139.0,188.2,49.19999999999999
2021-08-19,136.0,186.5,50.5
2021-08-20,136.0,185.20000000000002,49.20000000000002
2021-08-23,139.7,189.50000000000003,49.80000000000004
2021-08-24,143.70000000000002,194.0,50.29999999999998
2021-08-25,142.5,192.99999999999997,50.49999999999997
2021-08-26,139.5,192.99999999999997,53.49999999999997
2021-08-27,140.5,193.70000000000002,53.20000000000002
2021-08-30,139.7,190.5,50.80000000000001
2021-08-31,139.5,191.2,51.69999999999999
2021-09-01,141.0,194.2,53.19999999999999
2021-09-02,142.2,194.70000000000002,52.50000000000003
2021-09-03,143.70000000000002,194.2,50.49999999999997
2021-09-06,145.70000000000002,196.7,50.99999999999997
2021-09-07,146.6,197.99999999999997,51.39999999999998
2021-09-08,148.0,200.99999999999997,52.99999999999997
2021-09-09,150.20000000000002,200.19999999999996,49.99999999999994
2021-09-10,149.70000000000002,199.50000000000003,49.80000000000001
2021-09-13,153.0,204.5,51.5
2021-09-14,154.0,206.2,52.19999999999999
2021-09-15,149.2,202.7,53.5
2021-09-16,150.79999999999998,204.5,53.70000000000002
2021-09-17,152.7,207.20000000000002,54.50000000000003
2021-09-23,156.5,210.19999999999996,53.69999999999996
2021-09-24,157.7,215.7,58.0
2021-09-27,156.2,217.20000000000005,61.00000000000006
2021-09-28,162.20000000000002,226.7,64.49999999999997
2021-09-29,159.0,220.2,61.19999999999999
2021-09-30,159.0,223.70000000000002,64.70000000000002
2021-10-01,162.99999999999997,225.0,62.00000000000003
2021-10-05,164.5,229.49999999999997,64.99999999999997
2021-10-06,172.0,239.7,67.69999999999999
2021-10-07,168.99999999999997,237.1,68.10000000000002
2021-10-08,169.20000000000002,236.20000000000002,67.0
2021-10-12,180.00000000000003,242.7,62.69999999999996
2021-10-13,182.0,238.89999999999998,56.89999999999998
2021-10-14,181.20000000000002,234.50000000000003,53.30000000000001
2021-10-15,179.20000000000002,236.0,56.79999999999998
2021-10-18,187.99999999999997,240.29999999999998,52.30000000000001
2021-10-19,185.4,237.00000000000003,51.60000000000002
2021-10-20,184.70000000000002,239.7,54.99999999999997
2021-10-21,184.20000000000002,239.1,54.89999999999998
2021-10-22,190.0,240.8,50.80000000000001
2021-10-25,192.99999999999997,245.7,52.70000000000002
2021-10-26,194.2,246.0,51.80000000000001
2021-10-27,206.70000000000002,250.99999999999997,44.299999999999955
2021-10-28,203.5,242.0,38.5
2021-10-29,210.70000000000002,256.3,45.599999999999994
2021-11-01,211.50000000000003,250.99999999999997,39.49999999999994
2021-11-02,203.20000000000002,246.20000000000002,43.0
2021-11-03,203.7,247.5,43.80000000000001
2021-11-04,201.70000000000002,241.5,39.79999999999998
2021-11-05,196.0,235.0,39.0
2021-11-08,190.2,233.5,43.30000000000001
2021-11-09,186.00000000000003,229.0,42.99999999999997
2021-11-10,188.2,231.70000000000002,43.50000000000003
2021-11-11,191.5,234.70000000000002,43.20000000000002
2021-11-12,196.0,235.0,39.0
2021-11-15,191.2,229.49999999999997,38.29999999999998
2021-11-16,195.5,232.20000000000002,36.70000000000002
2021-11-17,196.5,235.2,38.69999999999999
2021-11-18,194.70000000000002,233.5,38.79999999999998
2021-11-19,197.20000000000002,237.99999999999997,40.799999999999955
2021-11-22,202.5,239.0,36.5
2021-11-23,202.0,240.0,38.0
2021-11-24,200.0,239.0,39.0
2021-11-25,193.70000000000002,235.2,41.49999999999997
2021-11-26,187.20000000000002,226.20000000000002,39.0
2021-11-29,184.70000000000002,227.00000000000003,42.30000000000001
2021-11-30,178.70000000000002,220.4,41.69999999999999
2021-12-01,181.7,218.2,36.5
2021-12-02,185.00000000000003,220.7,35.69999999999996
2021-12-03,189.70000000000002,223.49999999999997,33.799999999999955
2021-12-06,186.7,221.5,34.80000000000001
2021-12-07,186.7,224.00000000000003,37.30000000000004
2021-12-08,182.0,218.0,36.0
2021-12-09,179.20000000000002,218.2,38.99999999999997
2021-12-10,179.7,219.49999999999997,39.79999999999998
2021-12-13,178.2,216.7,38.5
2021-12-14,178.49999999999997,217.20000000000005,38.700000000000074
2021-12-15,180.4,216.5,36.099999999999994
2021-12-16,176.0,214.5,38.5
2021-12-17,176.0,215.20000000000002,39.20000000000002
2021-12-20,173.0,210.19999999999996,37.19999999999996
2021-12-21,172.2,210.70000000000002,38.50000000000003
2021-12-22,175.5,214.5,39.0
2021-12-23,180.5,220.29999999999998,39.79999999999998
2021-12-24,179.5,220.2,40.69999999999999
2021-12-27,177.7,220.5,42.80000000000001
2021-12-28,179.0,220.2,41.19999999999999
2021-12-29,177.8,217.49999999999997,39.69999999999996
2021-12-30,179.5,225.5,46.0
2022-01-03,185.20000000000002,233.0,47.79999999999998
2022-01-04,188.39999999999998,232.7,44.30000000000001
2022-01-05,190.7,236.7,46.0
2022-01-06,202.0,248.49999999999997,46.49999999999997
2022-01-07,202.5,245.7,43.19999999999999
2022-01-10,204.6,247.70000000000002,43.10000000000002
2022-01-11,202.79999999999998,248.0,45.20000000000002
2022-01-12,198.70000000000002,241.5,42.79999999999998
2022-01-13,196.0,239.20000000000002,43.20000000000002
2022-01-14,204.5,246.39999999999998,41.89999999999998
2022-01-17,214.2,256.5,42.30000000000001
2022-01-18,210.70000000000002,253.90000000000003,43.20000000000002
2022-01-19,206.70000000000002,253.0,46.29999999999998
2022-01-20,211.29999999999998,255.50000000000003,44.200000000000045
2022-01-21,213.49999999999997,254.2,40.70000000000002
2022-01-24,212.0,254.99999999999997,42.99999999999997
2022-01-25,217.29999999999998,257.7,40.400000000000006
2022-01-26,215.7,256.2,40.5
2022-01-27,220.99999999999997,261.0,40.00000000000003
2022-01-28,219.20000000000002,259.0,39.79999999999998
2022-02-03,215.5,256.2,40.69999999999999
2022-02-04,218.2,260.2,42.0
2022-02-07,224.00000000000003,263.7,39.69999999999996
2022-02-08,230.2,272.2,42.0
2022-02-09,227.5,268.2,40.69999999999999
2022-02-10,226.5,268.2,41.69999999999999
2022-02-11,234.70000000000002,273.5,38.79999999999998
2022-02-14,236.0,273.0,37.0
2022-02-15,235.0,271.49999999999994,36.49999999999994
2022-02-16,231.99999999999997,270.2,38.20000000000002
2022-02-17,229.2,270.8,41.60000000000002
2022-02-18,231.99999999999997,273.0,41.00000000000003
2022-02-21,236.0,276.5,40.5
2022-02-22,232.50000000000003,271.49999999999994,38.999999999999915
2022-02-23,231.5,272.0,40.5
2022-02-24,222.0,262.0,40.0
2022-02-25,224.2,266.7,42.5
2022-02-28,224.5,268.5,44.0
2022-03-02,218.0,261.2,43.19999999999999
2022-03-03,221.20000000000002,267.70000000000005,46.50000000000003
2022-03-04,220.00000000000003,264.7,44.69999999999996
2022-03-07,227.99999999999997,270.2,42.20000000000002
2022-03-08,227.99999999999997,271.7,43.70000000000002
2022-03-10,227.00000000000003,272.1,45.099999999999994
2022-03-11,224.70000000000002,269.5,44.79999999999998
2022-03-14,227.99999999999997,274.0,46.00000000000003
2022-03-15,228.2,274.5,46.30000000000001
2022-03-16,226.5,277.5,51.0
2022-03-17,221.70000000000002,270.2,48.49999999999997
2022-03-18,222.7,273.09999999999997,50.39999999999998
2022-03-21,227.00000000000003,273.8,46.79999999999998
2022-03-22,239.5,282.7,43.19999999999999
2022-03-23,241.5,280.9,39.39999999999998
2022-03-24,246.20000000000002,286.0,39.79999999999998
2022-03-25,251.50000000000003,287.7,36.19999999999996
2022-03-28,277.70000000000005,304.0,26.299999999999955
2022-03-29,269.20000000000005,295.0,25.799999999999955
2022-03-30,262.0,288.5,26.5
2022-03-31,266.2,296.5,30.30000000000001
2022-04-01,278.2,300.5,22.30000000000001
2022-04-04,281.5,303.7,22.19999999999999
2022-04-05,289.0,307.50000000000006,18.500000000000057
2022-04-06,292.0,310.2,18.19999999999999
2022-04-07,289.0,310.7,21.69999999999999
2022-04-08,300.0,318.09999999999997,18.099999999999966
2022-04-11,321.9,332.0,10.100000000000023
2022-04-12,310.0,331.0,21.0
2022-04-13,301.0,330.2,29.19999999999999
2022-04-14,288.20000000000005,320.7,32.49999999999994
2022-04-15,295.29999999999995,332.0,36.700000000000045
2022-04-18,300.0,335.30000000000007,35.30000000000007
2022-04-19,295.5,332.5,37.0
2022-04-20,295.0,330.50000000000006,35.50000000000006
2022-04-21,294.49999999999994,331.0,36.50000000000006
2022-04-22,296.0,330.50000000000006,34.50000000000006
2022-04-25,285.7,317.7,32.0
2022-04-26,282.7,318.0,35.30000000000001
2022-04-27,290.0,318.69999999999993,28.699999999999932
2022-04-28,292.0,316.00000000000006,24.000000000000057
2022-04-29,296.0,323.49999999999994,27.499999999999943
2022-05-02,310.0,339.1,29.100000000000023
2022-05-03,314.2,340.70000000000005,26.500000000000057
2022-05-04,317.5,342.79999999999995,25.299999999999955
2022-05-06,314.5,342.0,27.5
2022-05-09,307.2,342.0,34.80000000000001
2022-05-10,305.5,341.0,35.5
2022-05-11,291.7,325.99999999999994,34.299999999999955
2022-05-12,290.5,317.5,27.0
2022-05-13,292.20000000000005,323.0,30.799999999999955
2022-05-16,303.5,326.7,23.19999999999999
2022-05-17,302.5,327.99999999999994,25.499999999999943
2022-05-18,305.0,331.5,26.5
2022-05-19,304.7,330.70000000000005,26.000000000000057
2022-05-20,300.5,324.00000000000006,23.500000000000057
2022-05-23,302.5,326.20000000000005,23.700000000000045
2022-05-24,296.0,320.2,24.19999999999999
2022-05-25,294.49999999999994,318.09999999999997,23.600000000000023
2022-05-26,295.5,323.2,27.69999999999999
2022-05-27,295.0,321.70000000000005,26.700000000000045
2022-05-30,295.2,322.0,26.80000000000001
2022-05-31,303.1,333.00000000000006,29.900000000000034
2022-06-02,312.3,342.0,29.69999999999999
2022-06-03,312.5,340.70000000000005,28.200000000000045
2022-06-07,323.49999999999994,354.2,30.700000000000045
2022-06-08,319.7,347.0,27.30000000000001
2022-06-09,317.2,347.50000000000006,30.300000000000068
2022-06-10,327.5,349.0,21.5
2022-06-13,353.0,367.8,14.800000000000011
2022-06-14,355.5,368.5,13.0
2022-06-15,365.5,376.90000000000003,11.400000000000034
2022-06-16,372.5,377.2,4.699999999999989
2022-06-17,375.0,379.5,4.5
2022-06-20,366.80000000000007,378.5,11.699999999999932
2022-06-21,366.0,377.2,11.199999999999989
2022-06-22,352.0,367.5,15.5
2022-06-23,361.0,372.5,11.5
2022-06-24,351.0,362.5,11.5
2022-06-27,356.0,371.2,15.199999999999989
2022-06-28,355.7,368.5,12.800000000000011
2022-06-29,355.7,366.0,10.300000000000011
2022-06-30,355.3,362.09999999999997,6.7999999999999545
2022-07-01,344.0,349.5,5.5
2022-07-04,342.0,347.50000000000006,5.500000000000057
2022-07-05,328.50000000000006,336.5,7.999999999999943
2022-07-06,324.2,330.2,6.0
2022-07-07,327.2,331.59999999999997,4.399999999999977
2022-07-08,331.59999999999997,336.0,4.400000000000034
2022-07-11,332.0,338.5,6.5
2022-07-12,327.0,333.5,6.5
2022-07-13,320.99999999999994,329.5,8.500000000000057
2022-07-14,324.9,327.09999999999997,2.1999999999999886
2022-07-15,319.1,322.2,3.099999999999966
2022-07-18,322.0,327.99999999999994,5.999999999999943
2022-07-19,318.50000000000006,324.5,5.999999999999943
2022-07-20,328.8,335.4,6.599999999999966
2022-07-21,329.59999999999997,337.0,7.400000000000034
2022-07-22,320.80000000000007,330.1,9.299999999999955
2022-07-25,315.0,320.7,5.699999999999989
2022-07-26,312.0,318.0,6.0
2022-07-27,308.0,311.5,3.5
2022-07-28,312.5,320.0,7.5
2022-07-29,299.8,312.5,12.699999999999989
2022-08-01,308.0,317.4,9.399999999999977
2022-08-02,300.5,307.50000000000006,7.000000000000057
2022-08-03,306.70000000000005,312.0,5.2999999999999545
2022-08-04,312.0,315.49999999999994,3.499999999999943
2022-08-05,307.50000000000006,311.5,3.999999999999943
2022-08-08,312.7,317.0,4.300000000000011
2022-08-09,313.0,315.2,2.1999999999999886
2022-08-10,315.0,320.0,5.0
2022-08-11,311.90000000000003,321.5,9.599999999999966
2022-08-12,317.7,327.7,10.0
2022-08-16,306.5,315.0,8.5
2022-08-17,308.5,318.0,9.5
2022-08-18,313.0,322.5,9.5
2022-08-19,319.20000000000005,330.2,10.999999999999943
2022-08-22,323.49999999999994,333.19999999999993,9.699999999999989
2022-08-23,327.2,335.2,8.0
2022-08-24,331.5,344.0,12.5
2022-08-25,353.5,358.5,5.0
2022-08-26,353.5,362.09999999999997,8.599999999999966
2022-08-29,366.0,370.7,4.699999999999989
2022-08-30,365.0,369.2,4.199999999999989
2022-08-31,367.9,371.2,3.3000000000000114
2022-09-01,379.00000000000006,381.2,2.199999999999932
2022-09-02,368.2,373.0,4.800000000000011
2022-09-05,361.5,366.5,5.0
2022-09-06,368.0,371.2,3.1999999999999886
2022-09-07,368.5,374.0,5.5
2022-09-08,354.7,362.00000000000006,7.300000000000068
2022-09-13,352.0,360.00000000000006,8.000000000000057
2022-09-14,358.0,362.5,4.5
2022-09-15,376.50000000000006,379.00000000000006,2.5
2022-09-16,377.0,377.0,0.0
2022-09-19,375.99999999999994,378.5,2.500000000000057
2022-09-20,382.5,383.99999999999994,1.4999999999999432
2022-09-21,384.50000000000006,388.3,3.7999999999999545
2022-09-22,411.00000000000006,400.5,-10.500000000000057
2022-09-23,420.0,412.7,-7.300000000000011
2022-09-26,454.5,433.2,-21.30000000000001
2022-09-27,431.0,421.0,-10.0
2022-09-28,433.5,433.0,-0.5
2022-09-29,430.19999999999993,423.00000000000006,-7.199999999999875
2022-09-30,418.5,408.19999999999993,-10.300000000000068
2022-10-04,407.0,399.00000000000006,-7.999999999999943
2022-10-05,417.2,410.50000000000006,-6.699999999999932
2022-10-06,415.0,409.99999999999994,-5.000000000000057
2022-10-07,427.8,421.0,-6.800000000000011
2022-10-11,434.49999999999994,431.0,-3.499999999999943
2022-10-12,410.2,409.2,-1.0
2022-10-13,420.20000000000005,423.00000000000006,2.8000000000000114
2022-10-14,420.0,417.99999999999994,-2.000000000000057
2022-10-17,425.00000000000006,423.20000000000005,-1.8000000000000114
2022-10-18,425.00000000000006,428.7,3.699999999999932
2022-10-19,433.6,440.50000000000006,6.900000000000034
2022-10-20,434.99999999999994,443.49999999999994,8.5
2022-10-21,446.2,462.0,15.800000000000011
2022-10-24,431.5,451.99999999999994,20.499999999999943
2022-10-25,421.5,434.0,12.5
2022-10-26,421.8,428.2,6.399999999999977
2022-10-27,426.0,431.5,5.5
2022-10-28,412.0,417.49999999999994,5.499999999999943
2022-10-31,417.49999999999994,422.70000000000005,5.200000000000102
2022-11-01,406.0,413.6,7.600000000000023
2022-11-02,408.00000000000006,413.5,5.499999999999943
2022-11-03,415.50000000000006,419.00000000000006,3.5
2022-11-04,412.5,419.00000000000006,6.500000000000057
2022-11-07,418.20000000000005,424.7,6.499999999999943
2022-11-08,415.2,423.50000000000006,8.300000000000068
2022-11-09,408.90000000000003,418.20000000000005,9.300000000000011
2022-11-10,403.0,406.50000000000006,3.500000000000057
2022-11-11,383.3,390.0,6.699999999999989
2022-11-14,385.2,393.50000000000006,8.300000000000068
2022-11-15,374.50000000000006,384.50000000000006,10.0
2022-11-16,381.0,390.0,9.0
2022-11-17,381.2,384.90000000000003,3.7000000000000455
2022-11-18,378.7,379.6,0.9000000000000341
2022-11-21,384.50000000000006,376.50000000000006,-8.0
2022-11-22,385.7,378.0,-7.699999999999989
2022-11-23,383.99999999999994,376.70000000000005,-7.299999999999898
2022-11-24,369.09999999999997,361.5,-7.599999999999966
2022-11-25,364.0,361.3,-2.6999999999999886
2022-11-28,366.5,359.5,-7.0
2022-11-29,371.0,366.5,-4.5
2022-11-30,370.5,368.0,-2.5
2022-12-01,364.2,366.0,1.8000000000000114
2022-12-02,361.5,357.50000000000006,-3.999999999999943
2022-12-05,360.2,353.90000000000003,-6.2999999999999545
2022-12-06,363.2,350.5,-12.699999999999989
2022-12-07,367.8,353.0,-14.800000000000011
2022-12-08,368.2,353.4,-14.800000000000011
2022-12-09,364.90000000000003,348.0,-16.900000000000034
2022-12-12,361.1,344.0,-17.100000000000023
2022-12-13,362.00000000000006,346.4,-15.60000000000008
2022-12-14,352.8,340.0,-12.800000000000011
2022-12-15,353.0,337.2,-15.800000000000011
2022-12-16,353.5,335.0,-18.5
2022-12-19,354.3,340.0,-14.300000000000011
2022-12-20,368.0,360.5,-7.5
2022-12-21,363.0,356.0,-7.0
2022-12-22,356.99999999999994,347.0,-9.999999999999943
2022-12-23,361.5,355.1,-6.399999999999977
2022-12-26,366.99999999999994,363.5,-3.499999999999943
2022-12-27,366.5,360.5,-6.0
2022-12-28,366.59999999999997,366.99999999999994,0.39999999999997726
2022-12-29,372.5,373.5,1.0
2023-01-02,375.99999999999994,379.09999999999997,3.1000000000000227
2023-01-03,366.99999999999994,366.99999999999994,0.0
2023-01-04,362.5,357.50000000000006,-4.999999999999943
2023-01-05,365.5,357.50000000000006,-7.999999999999943
2023-01-06,368.8,357.50000000000006,-11.299999999999955
2023-01-09,356.0,346.20000000000005,-9.799999999999955
2023-01-10,354.99999999999994,347.2,-7.7999999999999545
2023-01-11,344.0,339.5,-4.5
2023-01-12,346.20000000000005,339.5,-6.7000000000000455
2023-01-13,336.5,329.5,-7.0
2023-01-16,344.5,337.2,-7.300000000000011
2023-01-17,348.1,344.2,-3.900000000000034
2023-01-18,337.3,332.0,-5.300000000000011
2023-01-19,326.7,323.70000000000005,-2.999999999999943
2023-01-20,331.9,327.2,-4.699999999999989
2023-01-25,328.20000000000005,322.0,-6.2000000000000455
2023-01-26,327.0,323.0,-4.0
2023-01-27,331.0,328.7,-2.3000000000000114
2023-01-30,326.5,323.49999999999994,-3.000000000000057
2023-01-31,331.5,327.99999999999994,-3.500000000000057
2023-02-01,327.0,324.2,-2.8000000000000114
2023-02-02,319.5,322.0,2.5
2023-02-03,311.6,315.49999999999994,3.8999999999999204
2023-02-06,329.7,329.5,-0.19999999999998863
2023-02-07,330.0,328.20000000000005,-1.7999999999999545
2023-02-08,332.9,330.50000000000006,-2.3999999999999204
2023-02-09,340.49999999999994,335.90000000000003,-4.599999999999909
2023-02-10,340.0,335.49999999999994,-4.500000000000057
2023-02-13,344.5,341.7,-2.8000000000000114
2023-02-14,342.49999999999994,339.2,-3.2999999999999545
2023-02-15,351.2,348.7,-2.5
2023-02-16,351.2,348.0,-3.1999999999999886
2023-02-17,363.7,361.9,-1.8000000000000114
2023-02-20,369.2,365.5,-3.6999999999999886
2023-02-21,361.5,359.5,-2.0
2023-02-22,363.2,362.90000000000003,-0.2999999999999545
2023-02-23,360.3,359.70000000000005,-0.5999999999999659
2023-02-24,355.1,352.0,-3.1000000000000227
2023-02-27,370.00000000000006,363.0,-7.000000000000057
2023-02-28,381.0,375.99999999999994,-5.000000000000057
2023-03-02,386.6,383.4,-3.2000000000000455
2023-03-03,379.00000000000006,377.2,-1.8000000000000682
2023-03-06,376.70000000000005,371.49999999999994,-5.200000000000102
2023-03-07,372.3,365.20000000000005,-7.099999999999966
2023-03-08,385.0,371.2,-13.800000000000011
2023-03-09,383.59999999999997,372.00000000000006,-11.599999999999909
2023-03-10,371.2,358.2,-13.0
2023-03-13,345.00000000000006,342.49999999999994,-2.5000000000001137
2023-03-14,341.5,337.5,-4.0
2023-03-15,346.5,342.0,-4.5
2023-03-16,341.0,340.0,-1.0
2023-03-17,340.2,340.49999999999994,0.2999999999999545
2023-03-20,323.49999999999994,329.0,5.500000000000057
2023-03-21,329.2,330.50000000000006,1.3000000000000682
2023-03-22,325.3,326.5,1.1999999999999886
2023-03-23,322.0,327.2,5.199999999999989
2023-03-24,317.0,322.2,5.199999999999989
2023-03-27,322.59999999999997,326.20000000000005,3.6000000000000796
2023-03-28,325.99999999999994,327.7,1.7000000000000455
2023-03-29,322.9,326.8,3.900000000000034
2023-03-30,323.0,331.0,8.0
2023-03-31,329.0,336.0,7.0
2023-04-03,333.5,338.5,5.0
2023-04-04,327.2,331.70000000000005,4.500000000000057
2023-04-05,326.7,332.7,6.0
2023-04-06,322.0,328.20000000000005,6.2000000000000455
2023-04-07,323.8,329.2,5.399999999999977
2023-04-10,318.2,322.3,4.100000000000023
2023-04-11,321.3,324.2,2.8999999999999773
2023-04-12,324.6,327.2,2.599999999999966
2023-04-13,320.99999999999994,327.99999999999994,7.0
2023-04-14,320.99999999999994,329.0,8.000000000000057
2023-04-17,330.0,335.70000000000005,5.7000000000000455
2023-04-18,329.59999999999997,335.2,5.600000000000023
2023-04-19,335.2,337.2,2.0
2023-04-20,332.7,340.2,7.5
2023-04-21,325.0,331.8,6.800000000000011
2023-04-24,323.0,330.70000000000005,7.7000000000000455
2023-04-25,327.8,332.7,4.899999999999977
2023-04-26,325.99999999999994,331.0,5.000000000000057
2023-04-27,328.6,334.5,5.899999999999977
2023-04-28,330.0,336.7,6.699999999999989
2023-05-02,332.79999999999995,337.0,4.2000000000000455
2023-05-03,327.0,331.70000000000005,4.7000000000000455
2023-05-04,321.5,327.7,6.199999999999989
2023-05-08,325.79999999999995,331.3,5.500000000000057
2023-05-09,325.90000000000003,332.0,6.099999999999966
2023-05-10,327.0,333.5,6.5
2023-05-11,322.0,329.5,7.5
2023-05-12,323.0,328.20000000000005,5.2000000000000455
2023-05-15,327.5,333.40000000000003,5.900000000000034
2023-05-16,324.00000000000006,330.2,6.199999999999932
2023-05-17,327.5,332.0,4.5
2023-05-18,330.70000000000005,335.90000000000003,5.199999999999989
2023-05-19,333.70000000000005,341.5,7.7999999999999545
2023-05-22,331.2,338.7,7.5
2023-05-23,337.99999999999994,348.0,10.000000000000057
2023-05-24,338.6,350.70000000000005,12.100000000000023
2023-05-25,347.50000000000006,359.5,11.999999999999943
2023-05-26,352.70000000000005,364.50000000000006,11.800000000000011
2023-05-30,355.5,365.3,9.800000000000011
2023-05-31,344.0,352.0,8.0
2023-06-01,348.0,354.99999999999994,6.999999999999943
2023-06-02,343.7,349.2,5.5
2023-06-05,350.00000000000006,354.99999999999994,4.999999999999886
2023-06-07,347.69999999999993,352.2,4.500000000000057
2023-06-08,354.7,363.2,8.5
2023-06-09,351.0,361.7,10.699999999999989
2023-06-12,349.29999999999995,357.40000000000003,8.10000000000008
2023-06-13,348.5,358.0,9.5
2023-06-14,353.90000000000003,362.5,8.599999999999966
2023-06-15,362.00000000000006,368.5,6.499999999999943
2023-06-16,358.8,365.8,7.0
2023-06-19,358.0,363.5,5.5
2023-06-20,358.0,364.50000000000006,6.500000000000057
2023-06-21,356.99999999999994,362.20000000000005,5.200000000000102
2023-06-22,359.79999999999995,365.3,5.500000000000057
2023-06-23,361.2,366.99999999999994,5.7999999999999545
2023-06-26,356.99999999999994,360.70000000000005,3.7000000000001023
2023-06-27,354.99999999999994,360.2,5.2000000000000455
2023-06-28,356.0,361.0,5.0
2023-06-29,359.5,363.4,3.8999999999999773
2023-06-30,365.6,366.1,0.5
2023-07-03,360.70000000000005,359.0,-1.7000000000000455
2023-07-04,361.7,363.0,1.3000000000000114
2023-07-05,361.5,363.5,2.0
2023-07-06,367.20000000000005,371.49999999999994,4.299999999999898
2023-07-07,373.5,375.8,2.3000000000000114
2023-07-10,379.5,386.70000000000005,7.2000000000000455
2023-07-11,370.00000000000006,375.99999999999994,5.999999999999886
2023-07-12,370.5,375.7,5.199999999999989
2023-07-13,360.2,366.0,5.800000000000011
2023-07-14,361.5,369.0,7.5
2023-07-17,360.70000000000005,366.0,5.2999999999999545
2023-07-18,360.00000000000006,364.50000000000006,4.5
2023-07-19,354.0,357.50000000000006,3.500000000000057
2023-07-20,358.2,361.0,2.8000000000000114
2023-07-21,360.2,363.5,3.3000000000000114
2023-07-24,362.00000000000006,364.59999999999997,2.599999999999909
2023-07-25,363.9,368.0,4.100000000000023
2023-07-26,362.20000000000005,365.5,3.2999999999999545
2023-07-27,358.3,363.7,5.399999999999977
2023-07-28,363.3,373.09999999999997,9.799999999999955
2023-07-31,368.2,376.50000000000006,8.300000000000068
2023-08-01,365.0,373.3,8.300000000000011
2023-08-02,366.99999999999994,378.0,11.000000000000057
2023-08-03,371.49999999999994,385.99999999999994,14.5
2023-08-04,373.7,387.40000000000003,13.700000000000045
2023-08-07,368.9,381.8,12.900000000000034
2023-08-08,364.50000000000006,373.7,9.199999999999932
2023-08-09,366.99999999999994,377.59999999999997,10.600000000000023
2023-08-10,367.7,378.0,10.300000000000011
2023-08-11,369.49999999999994,382.0,12.500000000000057
2023-08-14,374.90000000000003,390.0,15.099999999999966
2023-08-16,370.1,386.1000000000001,16.000000000000057
2023-08-17,378.2,396.3,18.100000000000023
2023-08-18,372.6,390.5,17.899999999999977
2023-08-21,379.00000000000006,396.70000000000005,17.69999999999999
2023-08-22,379.8,398.4,18.599999999999966
2023-08-23,377.0,392.0,15.0
2023-08-24,375.4,387.7,12.300000000000011
2023-08-25,379.00000000000006,393.29999999999995,14.299999999999898
2023-08-28,375.99999999999994,387.2,11.200000000000045
2023-08-29,374.0,384.50000000000006,10.500000000000057
2023-08-30,374.0,385.7,11.699999999999989
2023-08-31,371.7,382.5,10.800000000000011
2023-09-01,368.7,378.0,9.300000000000011
2023-09-04,373.2,385.5,12.300000000000011
2023-09-05,376.50000000000006,388.70000000000005,12.199999999999989
2023-09-06,377.5,390.5,13.0
2023-09-07,383.99999999999994,396.5,12.500000000000057
2023-09-08,379.00000000000006,388.59999999999997,9.599999999999909
2023-09-11,385.99999999999994,395.5,9.500000000000057
2023-09-12,386.2,397.0,10.800000000000011
2023-09-13,385.0,394.7,9.699999999999989
2023-09-14,383.5,391.7,8.199999999999989
2023-09-15,384.7,392.7,8.0
2023-09-18,389.40000000000003,397.5,8.099999999999966
2023-09-19,388.49999999999994,395.2,6.7000000000000455
2023-09-20,388.0,395.2,7.199999999999989
2023-09-21,392.5,403.0,10.5
2023-09-22,386.6,399.5,12.899999999999977
2023-09-25,388.09999999999997,401.5,13.400000000000034
2023-09-26,389.7,405.49999999999994,15.799999999999955
2023-09-27,387.5,401.19999999999993,13.699999999999932
2023-10-04,414.0,438.5,24.5
2023-10-05,408.5,433.5,25.0
2023-10-06,400.99999999999994,424.4,23.400000000000034
2023-10-10,400.0,422.49999999999994,22.499999999999943
2023-10-11,394.7,413.7,19.0
2023-10-12,392.7,409.2,16.5
2023-10-13,395.2,416.5,21.30000000000001
2023-10-16,397.5,419.7,22.19999999999999
2023-10-17,399.40000000000003,422.49999999999994,23.09999999999991
2023-10-18,402.7,428.5,25.80000000000001
2023-10-19,406.50000000000006,436.0,29.499999999999943
2023-10-20,402.7,431.7,29.0
2023-10-23,406.0,437.5,31.5
2023-10-24,399.5,426.0,26.5
2023-10-25,404.5,428.7,24.19999999999999
2023-10-26,411.20000000000005,440.00000000000006,28.80000000000001
2023-10-27,407.7,429.0,21.30000000000001
2023-10-30,408.5,430.5,22.0
2023-10-31,408.3999999999999,433.5,25.10000000000008
2023-11-01,406.50000000000006,428.5,21.999999999999943
2023-11-02,398.0,416.0,18.0
2023-11-03,394.5,409.99999999999994,15.499999999999943
2023-11-06,388.0,405.70000000000005,17.700000000000045
2023-11-07,388.3,405.59999999999997,17.299999999999955
2023-11-08,387.1,403.0,15.899999999999977
2023-11-09,383.9,393.50000000000006,9.60000000000008
2023-11-10,385.4,395.99999999999994,10.599999999999966
2023-11-13,387.2,400.69999999999993,13.499999999999943
2023-11-14,385.7,398.0,12.300000000000011
2023-11-15,374.50000000000006,381.70000000000005,7.199999999999989
2023-11-16,369.70000000000005,379.00000000000006,9.300000000000011
2023-11-17,368.5,380.5,12.0
2023-11-20,365.9,374.50000000000006,8.60000000000008
2023-11-21,363.9,371.0,7.100000000000023
2023-11-22,366.5,375.99999999999994,9.499999999999943
2023-11-23,364.2,371.0,6.800000000000011
2023-11-24,367.40000000000003,377.5,10.099999999999966
2023-11-27,368.7,376.2,7.5
2023-11-28,365.0,373.5,8.5
2023-11-29,354.99999999999994,364.0,9.000000000000057
2023-11-30,358.2,369.70000000000005,11.500000000000057
2023-12-01,358.5,370.00000000000006,11.500000000000057
2023-12-04,353.2,362.5,9.300000000000011
2023-12-05,348.20000000000005,357.50000000000006,9.300000000000011
2023-12-06,347.0,354.0,7.0
2023-12-07,350.5,357.50000000000006,7.000000000000057
2023-12-08,346.0,353.4,7.399999999999977
2023-12-11,347.0,356.0,9.0
2023-12-12,344.7,353.0,8.300000000000011
2023-12-13,346.0,352.6,6.600000000000023
2023-12-14,323.70000000000005,330.1,6.399999999999977
2023-12-15,327.5,334.79999999999995,7.2999999999999545
2023-12-18,327.9,333.8,5.900000000000034
2023-12-19,327.4,330.50000000000006,3.1000000000000796
2023-12-20,322.3,327.7,5.399999999999977
2023-12-21,323.29999999999995,329.2,5.900000000000034
2023-12-22,322.5,329.1,6.600000000000023
2023-12-26,321.6,326.6,5.0
2023-12-27,321.20000000000005,325.49999999999994,4.299999999999898
2023-12-28,314.5,317.5,3.0
2024-01-02,324.5,330.50000000000006,6.000000000000057
2024-01-03,327.5,333.5,6.0
2024-01-04,322.40000000000003,328.50000000000006,6.100000000000023
2024-01-05,327.99999999999994,333.70000000000005,5.700000000000102
2024-01-08,329.0,335.49999999999994,6.499999999999943
2024-01-09,324.7,331.5,6.800000000000011
2024-01-10,326.7,334.7,8.0
2024-01-11,322.2,331.70000000000005,9.500000000000057
2024-01-12,319.7,330.50000000000006,10.800000000000068
2024-01-15,319.5,329.5,10.0
2024-01-16,323.09999999999997,331.5,8.400000000000034
2024-01-17,327.0,336.0,9.0
2024-01-18,327.0,337.2,10.199999999999989
2024-01-19,330.29999999999995,341.5,11.200000000000045
2024-01-22,327.7,337.5,9.800000000000011
2024-01-23,328.8,337.5,8.699999999999989
2024-01-24,329.3,339.7,10.399999999999977
2024-01-25,330.50000000000006,341.5,10.999999999999943
2024-01-26,325.99999999999994,338.7,12.700000000000045
2024-01-29,330.4,344.09999999999997,13.699999999999989
2024-01-30,327.0,336.1,9.100000000000023
2024-01-31,325.90000000000003,334.5,8.599999999999966
2024-02-01,327.0,334.5,7.5
2024-02-02,324.40000000000003,329.0,4.599999999999966
2024-02-05,330.70000000000005,338.20000000000005,7.5
2024-02-06,329.1,338.40000000000003,9.300000000000011
2024-02-07,329.0,338.20000000000005,9.200000000000045
2024-02-08,330.4,340.49999999999994,10.099999999999966
2024-02-13,334.7,344.5,9.800000000000011
2024-02-14,341.40000000000003,349.5,8.099999999999966
2024-02-15,340.70000000000005,348.0,7.2999999999999545
2024-02-16,340.6,348.0,7.399999999999977
2024-02-19,339.59999999999997,346.7,7.100000000000023
2024-02-20,340.70000000000005,349.2,8.499999999999943
2024-02-21,340.2,347.50000000000006,7.300000000000068
2024-02-22,334.5,343.00000000000006,8.500000000000057
2024-02-23,337.80000000000007,348.0,10.199999999999932
2024-02-26,333.90000000000003,340.09999999999997,6.199999999999932
2024-02-27,336.5,343.00000000000006,6.500000000000057
2024-02-28,336.5,345.20000000000005,8.700000000000045
2024-02-29,338.20000000000005,348.0,9.799999999999955
2024-03-04,335.70000000000005,343.5,7.7999999999999545
2024-03-05,335.2,341.5,6.300000000000011
2024-03-06,332.0,337.69999999999993,5.699999999999932
2024-03-07,331.70000000000005,339.7,7.999999999999943
2024-03-08,326.5,332.1,5.600000000000023
2024-03-11,327.5,334.7,7.199999999999989
2024-03-12,327.0,333.3,6.300000000000011
2024-03-13,324.5,332.7,8.199999999999989
2024-03-14,326.7,335.49999999999994,8.799999999999955
2024-03-15,330.50000000000006,341.0,10.499999999999943
2024-03-18,335.0,343.2,8.199999999999989
2024-03-19,339.0,347.50000000000006,8.500000000000057
2024-03-20,336.5,344.0,7.5
2024-03-21,330.50000000000006,340.8,10.299999999999955
2024-03-22,328.7,336.4,7.699999999999989
2024-03-25,329.1,337.99999999999994,8.89999999999992
2024-03-26,330.2,341.2,11.0
2024-03-27,328.6,337.5,8.899999999999977
2024-03-28,330.0,337.99999999999994,7.999999999999943
2024-03-29,331.9,340.2,8.300000000000011
2024-04-01,329.2,337.59999999999997,8.399999999999977
2024-04-02,332.5,342.49999999999994,9.999999999999943
2024-04-03,332.7,345.00000000000006,12.300000000000068
2024-04-04,333.5,345.90000000000003,12.400000000000034
2024-04-05,333.00000000000006,343.5,10.499999999999943
2024-04-08,337.69999999999993,348.7,11.000000000000057
2024-04-09,338.7,350.5,11.800000000000011
2024-04-11,346.0,358.7,12.699999999999989
2024-04-12,339.8,353.7,13.899999999999977
2024-04-15,343.7,355.7,12.0
2024-04-16,347.0,362.7,15.699999999999989
2024-04-17,346.5,362.5,16.0
2024-04-18,343.00000000000006,356.5,13.499999999999943
2024-04-19,347.69999999999993,359.0,11.300000000000068
2024-04-22,351.0,365.20000000000005,14.200000000000045
2024-04-23,348.7,363.5,14.800000000000011
2024-04-24,350.70000000000005,365.20000000000005,14.5
2024-04-25,354.0,371.09999999999997,17.099999999999966
2024-04-26,351.79999999999995,368.5,16.700000000000045
2024-04-29,353.7,369.0,15.300000000000011
2024-04-30,352.49999999999994,365.0,12.500000000000057
2024-05-02,351.0,364.2,13.199999999999989
2024-05-03,350.5,361.7,11.199999999999989
2024-05-07,344.3,353.7,9.399999999999977
2024-05-08,343.7,353.2,9.5
2024-05-09,345.00000000000006,355.7,10.699999999999932
2024-05-10,343.40000000000003,353.5,10.099999999999966
2024-05-13,345.20000000000005,355.5,10.299999999999955
2024-05-14,345.20000000000005,354.5,9.299999999999955
2024-05-16,337.69999999999993,346.5,8.800000000000068
2024-05-17,337.5,345.5,8.0
2024-05-20,340.70000000000005,349.7,8.999999999999943
2024-05-21,341.2,349.5,8.300000000000011
2024-05-22,341.5,348.5,7.0
2024-05-23,340.0,346.5,6.5
2024-05-24,341.5,350.70000000000005,9.200000000000045
2024-05-27,341.0,349.7,8.699999999999989
2024-05-28,338.7,347.69999999999993,8.999999999999943
2024-05-29,342.0,353.5,11.5
2024-05-30,344.0,356.2,12.199999999999989
2024-05-31,345.20000000000005,358.0,12.799999999999955
2024-06-03,343.2,353.7,10.5
2024-06-04,339.2,347.2,8.0
2024-06-05,334.3,343.2,8.899999999999977
2024-06-07,330.79999999999995,338.5,7.7000000000000455
2024-06-10,334.5,343.2,8.699999999999989
2024-06-11,333.19999999999993,341.59999999999997,8.400000000000034
2024-06-12,329.5,337.0,7.5
2024-06-13,327.8,335.2,7.399999999999977
2024-06-14,324.2,330.0,5.800000000000011
2024-06-17,320.80000000000007,327.5,6.699999999999932
2024-06-18,320.7,327.7,7.0
2024-06-19,315.0,322.5,7.5
2024-06-20,319.5,327.0,7.5
2024-06-21,316.00000000000006,324.2,8.199999999999932
2024-06-24,319.20000000000005,326.20000000000005,7.0
2024-06-25,320.0,327.0,7.0
2024-06-26,320.80000000000007,327.5,6.699999999999932
2024-06-27,321.20000000000005,329.5,8.299999999999955
2024-06-28,317.7,325.99999999999994,8.299999999999955
2024-07-01,320.7,330.70000000000005,10.000000000000057
2024-07-02,316.5,327.99999999999994,11.499999999999943
2024-07-03,316.00000000000006,327.5,11.499999999999943
2024-07-04,312.2,323.49999999999994,11.299999999999955
2024-07-05,311.5,321.5,10.0
2024-07-08,312.0,320.99999999999994,8.999999999999943
2024-07-09,312.0,320.0,8.0
2024-07-10,311.7,319.5,7.800000000000011
2024-07-11,315.79999999999995,322.2,6.400000000000034
2024-07-12,309.3,316.7,7.399999999999977
2024-07-15,307.2,317.5,10.300000000000011
2024-07-16,303.5,313.70000000000005,10.200000000000045
2024-07-17,305.29999999999995,314.00000000000006,8.700000000000102
2024-07-18,306.0,313.49999999999994,7.499999999999943
2024-07-19,307.2,315.2,8.0
2024-07-22,306.9,314.3,7.400000000000034
2024-07-23,308.7,317.2,8.5
2024-07-24,304.5,313.2,8.699999999999989
2024-07-25,302.0,312.2,10.199999999999989
2024-07-26,301.7,310.40000000000003,8.700000000000045
2024-07-29,297.2,304.2,7.0
2024-07-30,299.40000000000003,305.5,6.099999999999966
2024-07-31,300.0,305.7,5.699999999999989
2024-08-01,297.5,301.2,3.6999999999999886
2024-08-02,293.6,297.0,3.3999999999999773
2024-08-05,281.5,289.2,7.699999999999989
2024-08-06,294.0,299.7,5.699999999999989
2024-08-07,293.09999999999997,300.2,7.100000000000023
2024-08-08,291.90000000000003,300.0,8.099999999999966
2024-08-09,294.0,301.2,7.199999999999989
2024-08-12,294.49999999999994,300.2,5.7000000000000455
2024-08-13,291.5,297.5,6.0
2024-08-14,288.7,294.0,5.300000000000011
2024-08-16,292.20000000000005,297.5,5.2999999999999545
2024-08-19,292.20000000000005,298.5,6.2999999999999545
2024-08-20,294.3,300.0,5.699999999999989
2024-08-21,294.0,299.7,5.699999999999989
2024-08-22,290.5,298.20000000000005,7.7000000000000455
2024-08-23,291.7,300.5,8.800000000000011
2024-08-26,289.0,297.5,8.5
2024-08-27,293.5,306.5,13.0
2024-08-28,291.5,305.0,13.5
2024-08-29,293.9,307.2,13.300000000000011
2024-08-30,295.5,308.8,13.300000000000011
2024-09-02,299.2,312.5,13.300000000000011
2024-09-03,298.0,312.0,14.0
2024-09-04,292.7,304.7,12.0
2024-09-05,291.0,303.2,12.199999999999989
2024-09-06,288.0,298.7,10.699999999999989
2024-09-09,289.5,302.99999999999994,13.499999999999943
2024-09-10,287.5,300.7,13.199999999999989
2024-09-11,281.5,293.8,12.300000000000011
2024-09-12,286.79999999999995,297.0,10.200000000000045
2024-09-13,282.0,292.7,10.699999999999989
2024-09-19,283.5,296.9,13.399999999999977
2024-09-20,283.70000000000005,299.2,15.499999999999943
2024-09-23,286.0,302.5,16.5
2024-09-24,286.0,303.2,17.19999999999999
2024-09-25,281.2,299.7,18.5
2024-09-26,281.0,300.0,19.0
2024-09-27,282.0,299.7,17.69999999999999
2024-09-30,280.5,299.2,18.69999999999999
2024-10-02,278.2,293.5,15.300000000000011
2024-10-04,282.5,299.5,17.0
2024-10-07,295.7,310.09999999999997,14.399999999999977
2024-10-08,293.5,308.0,14.5
2024-10-10,296.2,308.7,12.5
2024-10-11,294.8,307.7,12.899999999999977
2024-10-14,293.40000000000003,308.4,14.999999999999943
2024-10-15,290.5,304.7,14.199999999999989
2024-10-16,287.5,300.5,13.0
2024-10-17,289.8,303.7,13.899999999999977
2024-10-18,291.5,308.0,16.5
2024-10-21,290.5,305.7,15.199999999999989
2024-10-22,294.20000000000005,312.7,18.499999999999943
2024-10-23,293.2,312.7,19.5
2024-10-24,289.0,307.0,18.0
2024-10-25,288.0,306.0,18.0
2024-10-28,293.2,312.7,19.5
2024-10-29,293.2,312.0,18.80000000000001
2024-10-30,293.5,310.2,16.69999999999999
2024-10-31,293.00000000000006,309.5,16.499999999999943
2024-11-01,294.20000000000005,308.99999999999994,14.799999999999898
2024-11-04,293.2,309.5,16.30000000000001
2024-11-05,291.7,307.50000000000006,15.800000000000068
2024-11-06,295.6,313.70000000000005,18.100000000000023
2024-11-07,292.20000000000005,309.4,17.199999999999932
2024-11-08,288.20000000000005,303.7,15.499999999999943
2024-11-11,290.0,303.5,13.5
2024-11-12,290.0,301.5,11.5
2024-11-13,294.20000000000005,306.2,11.999999999999943
2024-11-14,292.7,307.50000000000006,14.800000000000068
2024-11-15,293.7,308.0,14.300000000000011
2024-11-18,291.5,306.0,14.5
2024-11-19,288.7,303.5,14.800000000000011
2024-11-20,287.5,301.3,13.800000000000011
2024-11-21,283.0,298.0,15.0
2024-11-22,281.7,298.0,16.30000000000001
2024-11-25,277.09999999999997,292.0,14.900000000000034
2024-11-26,277.2,290.2,13.0
2024-11-27,274.0,288.09999999999997,14.099999999999966
2024-11-28,264.0,278.5,14.5
2024-11-29,261.1,276.0,14.899999999999977
2024-12-02,256.5,270.00000000000006,13.500000000000057
2024-12-03,258.5,271.20000000000005,12.700000000000045
2024-12-04,262.5,276.5,14.0
2024-12-05,260.0,273.5,13.5
2024-12-06,262.2,274.40000000000003,12.200000000000045
2024-12-09,257.4,267.2,9.800000000000011
2024-12-10,251.60000000000002,264.0,12.399999999999977
2024-12-11,253.5,268.7,15.199999999999989
2024-12-12,254.70000000000002,270.00000000000006,15.30000000000004
2024-12-13,253.6,267.5,13.900000000000006
2024-12-16,255.10000000000002,271.20000000000005,16.100000000000023
2024-12-17,261.8,279.0,17.19999999999999
2024-12-18,254.0,273.5,19.5
2024-12-19,260.0,281.0,21.0
2024-12-20,261.2,286.0,24.80000000000001
2024-12-23,260.9,284.50000000000006,23.60000000000008
2024-12-24,262.4,288.4,26.0
2024-12-26,267.0,291.40000000000003,24.400000000000034
2024-12-27,262.5,288.5,26.0
2024-12-30,259.5,287.09999999999997,27.599999999999966
2025-01-02,250.09999999999997,274.2,24.100000000000023
2025-01-03,247.00000000000003,276.5,29.49999999999997
2025-01-06,252.2,282.0,29.80000000000001
2025-01-07,251.1,279.4,28.299999999999983
2025-01-08,250.0,278.5,28.5
2025-01-09,249.6,279.4,29.799999999999983
2025-01-10,256.99999999999994,284.0,27.000000000000057
2025-01-13,266.5,287.5,21.0
2025-01-14,264.7,284.50000000000006,19.800000000000068
2025-01-15,268.0,287.40000000000003,19.400000000000034
2025-01-16,262.5,281.0,18.5
2025-01-17,258.7,281.40000000000003,22.700000000000045
2025-01-20,262.1,286.5,24.399999999999977
2025-01-21,256.99999999999994,281.0,24.000000000000057
2025-01-22,257.7,282.4,24.69999999999999
2025-01-23,256.5,283.0,26.5
2025-01-24,256.0,286.1,30.100000000000023
2025-01-31,256.99999999999994,285.7,28.700000000000045
2025-02-03,256.3,282.20000000000005,25.900000000000034
2025-02-04,258.0,284.0,26.0
2025-02-05,257.2,281.2,24.0
2025-02-06,258.8,280.3,21.5
2025-02-07,264.5,284.0,19.5
2025-02-10,263.2,283.70000000000005,20.500000000000057
2025-02-11,263.7,285.2,21.5
2025-02-12,264.5,288.0,23.5
2025-02-13,262.5,287.2,24.69999999999999
2025-02-14,260.8,284.59999999999997,23.799999999999955
2025-02-17,262.2,286.7,24.5
2025-02-18,264.2,288.0,23.80000000000001
2025-02-19,263.0,287.5,24.5
2025-02-20,262.7,288.5,25.80000000000001
2025-02-21,261.50000000000006,285.2,23.699999999999932
2025-02-24,261.0,282.20000000000005,21.200000000000045
2025-02-25,260.0,279.5,19.5
2025-02-26,259.5,275.3,15.800000000000011
2025-02-27,259.20000000000005,275.0,15.799999999999955
2025-02-28,256.0,270.00000000000006,14.000000000000057
2025-03-04,254.2,270.7,16.5
2025-03-05,257.4,277.5,20.100000000000023
2025-03-06,259.5,280.5,21.0
2025-03-07,256.5,276.2,19.69999999999999
2025-03-10,259.5,280.7,21.19999999999999
2025-03-11,254.99999999999997,275.7,20.700000000000017
2025-03-12,254.5,276.0,21.5
2025-03-13,256.70000000000005,277.70000000000005,21.0
2025-03-14,258.7,281.5,22.80000000000001
2025-03-17,259.7,280.5,20.80000000000001
2025-03-18,260.0,279.2,19.19999999999999
2025-03-19,261.6,279.99999999999994,18.39999999999992
2025-03-20,259.7,279.5,19.80000000000001
2025-03-21,259.0,280.5,21.5
2025-03-24,259.7,281.5,21.80000000000001
2025-03-25,260.5,281.3,20.80000000000001
2025-03-26,262.0,285.3,23.30000000000001
2025-03-27,263.0,284.7,21.69999999999999
2025-03-28,262.2,284.0,21.80000000000001
2025-03-31,256.0,276.7,20.69999999999999
2025-04-01,258.5,278.59999999999997,20.099999999999966
2025-04-02,258.2,276.5,18.30000000000001
2025-04-03,254.5,274.59999999999997,20.099999999999966
2025-04-04,246.49999999999997,269.20000000000005,22.700000000000074
2025-04-07,240.49999999999997,264.7,24.200000000000017
2025-04-08,241.2,267.6,26.400000000000034
2025-04-09,243.00000000000003,272.5,29.49999999999997
2025-04-10,243.99999999999997,271.20000000000005,27.200000000000074
2025-04-11,240.09999999999997,269.0,28.900000000000034
2025-04-14,241.2,268.7,27.5
2025-04-15,239.7,266.2,26.5
2025-04-16,233.19999999999996,262.0,28.80000000000004
2025-04-17,238.49999999999997,264.7,26.200000000000017
2025-04-18,235.0,261.50000000000006,26.500000000000057
2025-04-21,231.99999999999997,259.5,27.50000000000003
2025-04-22,232.50000000000003,262.0,29.49999999999997
2025-04-23,233.30000000000004,259.20000000000005,25.900000000000006
2025-04-24,234.2,262.0,27.80000000000001
2025-04-25,230.5,257.79999999999995,27.299999999999955
2025-04-28,231.5,259.0,27.5
2025-04-29,231.5,261.0,29.5
2025-04-30,227.19999999999996,256.99999999999994,29.799999999999983
2025-05-02,228.2,259.5,31.30000000000001
2025-05-07,225.2,260.2,35.0
2025-05-08,227.99999999999997,262.5,34.50000000000003
2025-05-09,233.0,267.2,34.19999999999999
2025-05-12,232.7,269.20000000000005,36.50000000000006
2025-05-13,237.00000000000003,272.5,35.49999999999997
2025-05-14,235.0,271.20000000000005,36.200000000000045
2025-05-15,235.0,271.0,36.0
2025-05-16,231.5,267.0,35.5
2025-05-19,236.10000000000002,274.5,38.39999999999998
2025-05-20,233.19999999999996,272.2,39.00000000000003
2025-05-21,234.39999999999998,276.0,41.60000000000002
2025-05-22,232.50000000000003,274.0,41.49999999999997
2025-05-23,233.19999999999996,276.5,43.30000000000004
2025-05-26,234.70000000000002,277.0,42.29999999999998
2025-05-27,233.19999999999996,270.5,37.30000000000004
2025-05-28,230.8,270.2,39.39999999999998
2025-05-29,233.99999999999997,276.0,42.00000000000003
2025-05-30,233.5,277.2,43.69999999999999
2025-06-02,233.5,279.5,46.0
2025-06-04,241.2,289.2,48.0
2025-06-05,241.2,289.0,47.80000000000001
2025-06-09,239.5,286.2,46.69999999999999
2025-06-10,238.49999999999997,282.7,44.20000000000002
2025-06-11,241.69999999999996,283.5,41.80000000000004
2025-06-12,242.20000000000002,282.0,39.79999999999998
2025-06-13,246.20000000000002,284.50000000000006,38.30000000000004
2025-06-16,248.20000000000002,287.0,38.79999999999998
2025-06-17,243.99999999999997,286.7,42.70000000000002
2025-06-18,246.70000000000002,287.5,40.79999999999998
2025-06-19,247.5,287.7,40.19999999999999
2025-06-20,245.7,285.7,40.0
2025-06-23,249.5,286.7,37.19999999999999
2025-06-24,245.9,282.0,36.099999999999994
2025-06-25,246.20000000000002,282.0,35.79999999999998
2025-06-26,245.0,277.5,32.5
2025-06-27,245.50000000000003,278.5,32.99999999999997
2025-06-30,245.50000000000003,280.7,35.19999999999996
2025-07-01,245.2,278.5,33.30000000000001
2025-07-02,249.00000000000003,283.5,34.49999999999997
2025-07-03,244.5,281.0,36.5
2025-07-04,247.29999999999998,283.40000000000003,36.10000000000005
2025-07-07,248.20000000000002,284.0,35.79999999999998
2025-07-08,247.70000000000002,285.2,37.49999999999997
2025-07-09,247.5,284.7,37.19999999999999
2025-07-10,242.7,280.79999999999995,38.099999999999966
2025-07-11,244.70000000000002,283.0,38.29999999999998
2025-07-14,247.5,288.7,41.19999999999999
2025-07-15,246.0,288.0,42.0
2025-07-16,245.50000000000003,287.2,41.69999999999996
2025-07-17,248.20000000000002,290.7,42.49999999999997
2025-07-18,247.2,287.2,40.0
2025-07-21,245.50000000000003,285.2,39.69999999999996
2025-07-22,246.1,283.5,37.400000000000006
2025-07-23,245.2,282.7,37.5
2025-07-24,247.00000000000003,285.2,38.19999999999996
2025-07-25,248.20000000000002,285.5,37.29999999999998
2025-07-28,246.0,282.5,36.5
2025-07-29,245.7,281.59999999999997,35.89999999999998
2025-07-30,245.7,279.70000000000005,34.00000000000006
2025-07-31,245.8,279.0,33.19999999999999
2025-08-01,247.5,283.5,36.0
2025-08-04,242.0,277.5,35.5
2025-08-05,242.7,276.5,33.80000000000001
2025-08-06,242.49999999999997,278.0,35.50000000000003
2025-08-07,240.0,276.2,36.19999999999999
2025-08-08,240.70000000000002,277.2,36.49999999999997
2025-08-11,242.0,278.5,36.5
2025-08-12,243.00000000000003,279.99999999999994,36.999999999999915
2025-08-13,241.2,279.99999999999994,38.799999999999955
2025-08-14,239.20000000000002,278.2,38.99999999999997
2025-08-18,242.20000000000002,283.5,41.29999999999998
2025-08-19,244.20000000000002,285.7,41.49999999999997
2025-08-20,243.7,284.7,41.0
2025-08-21,243.7,284.2,40.5
2025-08-22,245.50000000000003,286.0,40.49999999999997
2025-08-25,243.5,285.2,41.69999999999999
2025-08-26,241.69999999999996,285.5,43.80000000000004
2025-08-27,239.7,282.20000000000005,42.50000000000006
2025-08-28,241.5,281.5,40.0
2025-08-29,242.7,281.3,38.60000000000002
2025-09-01,243.2,284.7,41.5
2025-09-02,244.70000000000002,287.2,42.49999999999997
2025-09-03,247.00000000000003,291.1,44.099999999999994
2025-09-04,247.00000000000003,288.0,40.99999999999997
2025-09-05,246.49999999999997,286.7,40.20000000000002
2025-09-08,245.2,285.7,40.5
2025-09-09,242.20000000000002,282.7,40.49999999999997
2025-09-10,242.0,283.0,41.0
2025-09-11,241.2,281.2,40.0
2025-09-12,243.00000000000003,281.5,38.49999999999997
2025-09-15,244.09999999999997,282.0,37.900000000000034
2025-09-16,241.2,279.70000000000005,38.50000000000006
2025-09-17,241.0,277.5,36.5
2025-09-18,240.0,275.1,35.10000000000002
2025-09-19,243.7,281.2,37.5
2025-09-22,245.7,283.0,37.30000000000001
2025-09-23,246.0,281.0,35.0
2025-09-24,248.49999999999997,284.7,36.20000000000002
2025-09-25,253.0,288.5,35.5
2025-09-26,256.0,293.5,37.5
2025-09-29,256.5,293.6,37.10000000000002
2025-09-30,258.3,294.0,35.69999999999999
2025-10-01,260.0,296.70000000000005,36.700000000000045
2025-10-02,257.7,295.90000000000003,38.200000000000045
2025-10-10,258.5,295.7,37.19999999999999
2025-10-13,255.20000000000002,290.7,35.49999999999997
2025-10-14,253.2,286.1,32.900000000000034
2025-10-15,252.2,285.90000000000003,33.700000000000045
2025-10-16,258.0,292.0,34.0
2025-10-17,254.0,287.2,33.19999999999999
2025-10-20,257.5,289.2,31.69999999999999
2025-10-21,260.5,290.5,30.0
2025-10-22,255.50000000000003,286.0,30.49999999999997
2025-10-23,260.0,291.2,31.19999999999999
2025-10-24,258.0,291.0,33.0
2025-10-27,262.0,296.0,34.0
2025-10-28,263.5,293.7,30.19999999999999
2025-10-29,267.5,298.0,30.5
2025-10-30,273.70000000000005,305.5,31.799999999999955
2025-10-31,271.20000000000005,305.8,34.599999999999966
2025-11-03,274.2,309.5,35.30000000000001
2025-11-04,273.0,308.2,35.19999999999999
2025-11-05,276.7,313.0,36.30000000000001
2025-11-06,284.4,321.20000000000005,36.80000000000007
2025-11-07,289.5,322.0,32.5
2025-11-10,286.2,323.0,36.80000000000001
2025-11-11,282.20000000000005,319.20000000000005,37.0
2025-11-12,291.0,325.99999999999994,34.99999999999994
2025-11-13,292.7,326.20000000000005,33.50000000000006
2025-11-14,295.5,333.00000000000006,37.50000000000006
2025-11-17,290.7,330.2,39.5
2025-11-18,286.5,325.99999999999994,39.49999999999994
2025-11-19,287.0,328.20000000000005,41.200000000000045
2025-11-20,291.2,333.19999999999993,41.99999999999994
2025-11-21,287.3,327.5,40.19999999999999
2025-11-24,290.5,329.0,38.5
2025-11-25,290.4,326.5,36.10000000000002
2025-11-26,289.5,325.0,35.5
2025-11-27,302.0,335.49999999999994,33.49999999999994
2025-11-28,299.00000000000006,334.5,35.49999999999994
2025-12-01,304.3,339.0,34.69999999999999
2025-12-02,302.0,334.5,32.5
2025-12-03,303.7,336.5,32.80000000000001
2025-12-04,302.5,337.5,35.0
2025-12-05,299.00000000000006,335.2,36.19999999999993
2025-12-08,303.2,340.29999999999995,37.099999999999966
2025-12-09,308.4,345.29999999999995,36.89999999999998
2025-12-10,308.5,337.0,28.5
2025-12-11,310.0,336.6,26.600000000000023
2025-12-12,308.5,341.1,32.60000000000002
2025-12-15,299.2,333.40000000000003,34.200000000000045
2025-12-16,300.2,331.5,31.30000000000001
2025-12-17,299.5,332.2,32.69999999999999
2025-12-18,296.5,331.0,34.5
2025-12-19,301.5,335.49999999999994,33.99999999999994
2025-12-22,299.5,336.5,37.0
2025-12-23,296.0,337.69999999999993,41.69999999999993
2025-12-24,294.3,334.7,40.39999999999998
2025-12-26,296.0,337.99999999999994,41.99999999999994
2025-12-29,293.9,335.49999999999994,41.599999999999966
2025-12-30,295.1,338.5,43.39999999999998
2026-01-02,292.6,338.5,45.89999999999998
2026-01-05,292.7,339.5,46.80000000000001
2026-01-06,294.9,340.0,45.10000000000002
2026-01-07,290.7,335.70000000000005,45.00000000000006
2026-01-08,290.9,334.5,43.60000000000002
2026-01-09,294.0,338.7,44.69999999999999
2026-01-12,298.0,339.5,41.5
2026-01-13,299.90000000000003,341.7,41.799999999999955
2026-01-14,299.5,342.0,42.5
2026-01-15,308.5,350.00000000000006,41.50000000000006
2026-01-16,308.1,350.00000000000006,41.900000000000034
2026-01-19,313.0,356.5,43.5
2026-01-20,318.29999999999995,364.59999999999997,46.30000000000001
2026-01-21,313.0,359.70000000000005,46.700000000000045
2026-01-22,309.7,354.99999999999994,45.299999999999955
2026-01-23,313.0,358.0,45.0
2026-01-26,309.2,354.5,45.30000000000001
2026-01-27,308.90000000000003,352.70000000000005,43.80000000000001
2026-01-28,306.5,351.7,45.19999999999999
2026-01-29,310.5,356.2,45.69999999999999
2026-01-30,314.2,361.1,46.900000000000034
2026-02-02,315.49999999999994,360.5,45.00000000000006
2026-02-03,319.0,366.2,47.19999999999999
2026-02-04,322.2,372.00000000000006,49.80000000000007
2026-02-05,320.5,369.2,48.69999999999999
2026-02-06,324.1,371.7,47.599999999999966
2026-02-09,326.90000000000003,376.1,49.19999999999999
2026-02-10,322.2,368.1,45.900000000000034
2026-02-11,320.0,363.5,43.5
2026-02-12,315.0,361.5,46.5
2026-02-13,314.00000000000006,356.5,42.49999999999994
2026-02-19,317.6,358.5,40.89999999999998
2026-02-20,314.00000000000006,353.7,39.69999999999993
2026-02-23,315.49999999999994,357.7,42.200000000000045
2026-02-24,315.49999999999994,358.9,43.400000000000034
2026-02-25,312.2,355.7,43.5
2026-02-26,306.4,347.2,40.80000000000001
2026-02-27,304.0,344.5,40.5
2026-03-03,318.50000000000006,362.00000000000006,43.5
2026-03-04,322.5,363.7,41.19999999999999
2026-03-05,318.0,358.0,40.0
2026-03-06,322.2,361.7,39.5
2026-03-09,340.0,374.20000000000005,34.200000000000045
2026-03-10,327.99999999999994,361.9,33.900000000000034
2026-03-11,325.0,361.2,36.19999999999999
2026-03-12,326.5,364.90000000000003,38.400000000000034
2026-03-13,333.19999999999993,370.00000000000006,36.800000000000125
2026-03-16,330.59999999999997,368.0,37.400000000000034
2026-03-17,332.7,370.00000000000006,37.30000000000007
2026-03-18,326.5,361.0,34.5
2026-03-19,332.79999999999995,368.5,35.700000000000045
2026-03-20,341.2,373.5,32.30000000000001
2026-03-23,363.0,388.49999999999994,25.499999999999943
2026-03-24,353.2,383.79999999999995,30.599999999999966
2026-03-25,355.5,385.5,30.0
2026-03-26,354.5,385.0,30.5
2026-03-27,359.2,392.5,33.30000000000001
2026-03-30,354.2,389.5,35.30000000000001
2026-03-31,355.5,387.7,32.19999999999999
2026-04-01,337.0,369.0,32.0
2026-04-02,347.50000000000006,379.5,31.999999999999943
2026-04-03,344.5,374.40000000000003,29.900000000000034
2026-04-06,343.00000000000006,372.5,29.499999999999943
2026-04-07,344.6,375.5,30.899999999999977
2026-04-08,332.0,363.2,31.19999999999999
2026-04-09,333.00000000000006,365.5,32.49999999999994
2026-04-10,335.70000000000005,368.5,32.799999999999955
2026-04-13,337.99999999999994,371.2,33.200000000000045
2026-04-14,333.70000000000005,365.20000000000005,31.5
2026-04-15,333.3,365.5,32.19999999999999
2026-04-16,333.70000000000005,367.20000000000005,33.5
2026-04-17,337.0,371.49999999999994,34.49999999999994
2026-04-20,334.7,368.5,33.80000000000001
2026-04-21,333.5,365.6,32.10000000000002
2026-04-22,336.4,369.70000000000005,33.30000000000007
2026-04-23,345.29999999999995,378.7,33.400000000000034
2026-04-24,349.5,381.49999999999994,31.999999999999943
2026-04-27,349.7,382.0,32.30000000000001
2026-04-28,353.0,386.50000000000006,33.50000000000006
2026-04-29,352.49999999999994,384.20000000000005,31.700000000000102
2026-04-30,359.29999999999995,391.5,32.200000000000045
2026-05-04,361.5,393.29999999999995,31.799999999999955
2026-05-06,359.59999999999997,393.50000000000006,33.90000000000009
2026-05-07,353.5,387.59999999999997,34.099999999999966
2026-05-08,356.1,390.4,34.299999999999955
2026-05-11,359.2,395.0,35.80000000000001
2026-05-12,368.0,406.50000000000006,38.50000000000006
2026-05-13,364.2,405.49999999999994,41.299999999999955
2026-05-14,365.7,408.7,43.0
2026-05-15,376.50000000000006,421.99999999999994,45.499999999999886
2026-05-18,375.7,424.7,49.0
2026-05-19,375.0,420.50000000000006,45.50000000000006
2026-05-20,375.8,419.5,43.69999999999999
2026-05-21,375.5,418.20000000000005,42.700000000000045
2026-05-22,372.5,412.6,40.10000000000002
2026-05-26,366.4,407.5,41.10000000000002
2026-05-27,371.7,410.70000000000005,39.00000000000006
2026-05-28,376.70000000000005,414.49999999999994,37.7999999999999
2026-05-29,372.3,406.50000000000006,34.200000000000045
2026-06-01,379.00000000000006,417.90000000000003,38.89999999999998
2026-06-02,377.0,413.6,36.60000000000002
2026-06-04,385.99999999999994,422.70000000000005,36.7000000000001
2026-06-05,388.0,425.19999999999993,37.19999999999993
2026-06-08,393.0,434.49999999999994,41.49999999999994
2026-06-09,385.99999999999994,427.2,41.200000000000045
2026-06-10,387.7,426.49999999999994,38.799999999999955
2026-06-11,390.6,431.5,40.89999999999998
2026-06-12,379.00000000000006,419.5,40.49999999999994
2026-06-15,374.0,412.0,38.0
2026-06-16,371.49999999999994,411.00000000000006,39.500000000000114
2026-06-17,370.00000000000006,406.20000000000005,36.19999999999999
2026-06-18,375.2,411.9,36.69999999999999
2026-06-19,378.2,417.0,38.80000000000001
2026-06-22,380.5,419.2,38.69999999999999
2026-06-23,376.50000000000006,416.2,39.69999999999993
2026-06-24,377.5,417.3,39.80000000000001
2026-06-25,376.2,415.50000000000006,39.30000000000007
2026-06-26,371.59999999999997,411.7,40.10000000000002
2026-06-29,373.5,414.0,40.5
2026-06-30,369.70000000000005,407.0,37.299999999999955
2026-07-01,379.00000000000006,420.50000000000006,41.5
2026-07-02,374.50000000000006,418.5,43.99999999999994
2026-07-03,374.50000000000006,419.5,44.99999999999994
2026-07-06,377.0,420.50000000000006,43.50000000000006
2026-07-07,377.8,421.7,43.89999999999998
2026-07-08,377.59999999999997,425.00000000000006,47.40000000000009
2026-07-09,378.0,426.2,48.19999999999999
2026-07-10,377.0,423.59999999999997,46.599999999999966
2026-07-13,381.0,426.70000000000005,45.700000000000045
2026-07-14,389.00000000000006,434.0,44.99999999999994
2026-07-15,386.70000000000005,433.2,46.49999999999994
2026-07-16,385.2,429.99999999999994,44.799999999999955
2026-07-20,389.7,434.19999999999993,44.49999999999994
2026-07-21,386.6,433.0,46.39999999999998
2026-07-22,391.5,438.5,47.0
2026-07-23,391.7,439.70000000000005,48.00000000000006
2026-07-24,395.29999999999995,444.50000000000006,49.2000000000001
2026-07-27,386.70000000000005,433.0,46.299999999999955
2026-07-28,383.0,429.2,46.19999999999999
2026-07-29,380.3,425.5,45.19999999999999
2026-07-30,382.7,431.1,48.400000000000034
2026-07-31,375.99999999999994,426.2,50.200000000000045
2026-08-03,374.20000000000005,426.0,51.799999999999955
2026-08-04,374.0,425.5,51.5
2026-08-05,367.7,415.50000000000006,47.80000000000007
2026-08-06,374.50000000000006,419.29999999999995,44.7999999999999
2026-08-07,374.7,421.5,46.80000000000001
2026-08-10,377.5,423.50000000000006,46.00000000000006
2026-08-11,379.70000000000005,429.5,49.799999999999955
2026-08-12,378.2,428.5,50.30000000000001
2026-08-13,377.7,429.99999999999994,52.299999999999955
2026-08-14,379.5,431.0,51.5
2026-08-18,383.99999999999994,437.30000000000007,53.300000000000125
2026-08-19,378.7,433.5,54.80000000000001
2026-08-20,382.20000000000005,432.2,49.99999999999994
2026-08-21,385.5,437.0,51.5
2026-08-24,383.5,432.70000000000005,49.200000000000045
2026-08-25,382.6,431.79999999999995,49.19999999999993
2026-08-26,381.70000000000005,428.2,46.49999999999994
2026-08-27,375.0,422.09999999999997,47.099999999999966
2026-08-28,379.5,428.5,49.0
